City,Country,Max Temperature,Humidity,Cloudiness,Windspeed,Latitude,Longitude,Date
port alfred,ZA,72.64,92,51,14.72,-33.5906,26.891,1641768476
mar del plata,AR,78.01,36,0,8.99,-38.0023,-57.5575,1641768671
kwekwe,ZW,65.73,92,100,2.44,-18.9281,29.8149,1641768424
malente,DE,39.11,97,100,5.19,54.1712,10.5552,1641768672
punta arenas,CL,50.11,66,75,17.27,-53.15,-70.9167,1641768673
albany,US,38.8,91,100,1.99,42.6001,-73.9662,1641768486
hermanus,ZA,67.89,86,100,11.27,-34.4187,19.2345,1641768674
itacare,BR,80.49,86,100,7.47,-14.2775,-38.9967,1641768674
chunhuhub,MX,76.32,77,66,4.29,19.55,-88.6833,1641768676
khatanga,RU,-12.03,98,49,4.85,71.9667,102.5,1641768677
mahebourg,MU,77.25,100,40,4.61,-20.4081,57.7,1641768677
erzin,TR,52.52,79,96,6.69,36.9559,36.2,1641768678
mbuji-mayi,CD,70.77,94,99,1.23,-6.15,23.6,1641768679
ostrovnoy,RU,26.96,66,100,19.84,68.0531,39.5131,1641768680
sao filipe,CV,72.86,64,100,0.69,14.8961,-24.4956,1641768680
busselton,AU,59.04,69,78,11.3,-33.65,115.3333,1641768477
port elizabeth,ZA,68.09,94,40,13.8,-33.918,25.5701,1641768681
volyne,CZ,36.23,84,100,4.99,49.1658,13.8862,1641768682
svetlogorsk,BY,26.42,97,100,4.38,52.6333,29.7333,1641768683
ushuaia,AR,46.06,61,100,10.36,-54.8,-68.3,1641768477
calama,CL,68.49,40,40,24.16,-22.4667,-68.9333,1641768684
bluff,NZ,65.8,83,91,4.52,-46.6,168.3333,1641768514
atuona,PF,78.89,72,14,17.52,-9.8,-139.0333,1641768517
rikitea,PF,78.3,79,100,18.97,-23.1203,-134.9692,1641768480
lorengau,PG,82.36,76,81,8.37,-2.0226,147.2712,1641768685
colares,PT,57.79,73,86,3.0,38.7992,-9.4469,1641768686
homer,US,17.47,59,100,12.66,59.6425,-151.5483,1641768686
junin,AR,89.33,18,41,8.37,-34.5838,-60.9433,1641768687
vila franca do campo,PT,60.19,79,84,11.41,37.7167,-25.4333,1641768688
kushmurun,KZ,-8.52,97,13,7.36,52.4503,64.6311,1641768689
cedar city,US,40.39,44,0,4.61,37.6775,-113.0619,1641768690
bredasdorp,ZA,69.12,88,100,13.8,-34.5322,20.0403,1641768690
caravelas,BR,75.65,90,92,7.52,-17.7125,-39.2481,1641768691
quatre cocos,MU,77.09,80,100,8.05,-20.2078,57.7625,1641768692
carmen,MX,79.74,75,77,6.96,18.6333,-91.8333,1641768572
east london,ZA,73.67,87,88,20.83,-33.0153,27.9116,1641768693
victoria,HK,64.26,84,52,1.99,22.2855,114.1577,1641768258
nanortalik,GL,19.17,78,100,34.85,60.1432,-45.2371,1641768694
laguna,US,64.22,65,0,1.99,38.421,-121.4238,1641768694
airai,TL,65.19,82,51,0.43,-8.9266,125.4092,1641768695
minsk,BY,22.75,95,92,7.7,53.9,27.5667,1641768696
severo-kurilsk,RU,29.79,85,84,10.78,50.6789,156.125,1641768696
imari,JP,38.97,75,28,1.72,33.2667,129.8833,1641768697
vaini,TO,78.96,89,100,8.05,-21.2,-175.2,1641768478
ahtopol,BG,48.67,94,99,3.89,42.1,27.95,1641768698
tasiilaq,GL,32.22,73,100,49.86,65.6145,-37.6368,1641768698
faanui,PF,81.37,71,59,2.77,-16.4833,-151.75,1641768532
cherskiy,RU,-16.19,98,100,0.83,68.75,161.3,1641768622
vao,NC,77.38,81,89,23.17,-22.6667,167.4833,1641768700
dingle,PH,74.48,93,71,5.64,10.9995,122.6711,1641768700
sur,OM,67.46,60,0,3.29,22.5667,59.5289,1641768701
valera,VE,71.47,82,44,2.33,9.3178,-70.6036,1641768701
jamestown,US,35.1,61,100,15.01,42.097,-79.2353,1641768509
kodiak,US,29.71,55,100,16.11,57.79,-152.4072,1641768702
arandis,NA,57.47,96,50,1.16,-22.4167,14.9667,1641768704
hithadhoo,MV,81.3,74,31,6.71,-0.6,73.0833,1641768485
kaitangata,NZ,64.36,72,86,4.79,-46.2817,169.8464,1641768488
san luis,AR,91.89,20,34,11.79,-33.295,-66.3356,1641768705
meulaboh,ID,74.46,95,100,2.59,4.1363,96.1285,1641768706
santa barbara,US,64.35,42,8,3.71,34.7333,-120.0343,1641768706
hobart,AU,63.01,83,100,14.97,-42.8794,147.3294,1641768471
luderitz,NA,62.73,95,4,4.9,-26.6481,15.1594,1641768504
mnogovershinnyy,RU,-5.26,89,100,6.73,53.9353,139.9242,1641768707
lavrentiya,RU,-10.44,81,9,12.68,65.5833,-171.0,1641768708
kapaa,US,80.47,66,20,4.0,22.0752,-159.319,1641768496
saint-philippe,RE,78.39,84,73,8.19,-21.3585,55.7679,1641768709
shimoda,JP,47.1,78,67,13.58,34.6667,138.95,1641768660
dwarka,IN,65.21,53,0,8.72,22.2394,68.9678,1641768710
provideniya,RU,8.71,61,0,15.66,64.3833,-173.3,1641768710
ardakan,IR,37.78,38,0,1.28,32.31,54.0175,1641768711
souillac,MU,77.36,100,40,4.61,-20.5167,57.5167,1641768530
cape town,ZA,71.1,76,0,1.01,-33.9258,18.4232,1641768712
kavieng,PG,82.99,71,100,6.91,-2.5744,150.7967,1641768713
magdalena,PH,76.32,94,13,2.3,14.1999,121.429,1641768714
new norfolk,AU,62.65,77,100,3.15,-42.7826,147.0587,1641768516
bonfim,BR,84.38,44,98,6.31,3.0833,-59.95,1641768714
hilo,US,78.12,78,2,5.01,19.7297,-155.09,1641768366
waipawa,NZ,66.94,59,100,3.11,-41.4122,175.5153,1641768715
barrow,US,-18.38,76,20,4.61,71.2906,-156.7887,1641768473
chuy,UY,70.84,75,0,14.88,-33.6971,-53.4616,1641768716
clyde river,CA,-5.57,84,100,27.63,70.4692,-68.5914,1641768527
bethel,US,38.91,87,100,1.01,41.3712,-73.414,1641768519
bubaque,GW,79.68,69,96,18.54,11.2833,-15.8333,1641768717
upernavik,GL,0.36,98,100,11.56,72.7868,-56.1549,1641768718
ponta do sol,PT,65.12,28,99,10.33,32.6667,-17.1,1641768719
boende,CD,76.23,71,79,0.02,-0.2167,20.8667,1641768720
san remigio,PH,78.12,84,42,5.12,11.0809,123.9381,1641768721
asau,RO,37.4,99,99,3.27,46.4333,26.4,1641768721
qaanaaq,GL,0.28,70,95,7.45,77.484,-69.3632,1641768496
manta,EC,82.18,69,20,9.22,-0.95,-80.7333,1641768722
antofagasta,CL,70.88,79,86,4.47,-23.65,-70.4,1641768723
port blair,IN,77.97,74,83,6.8,11.6667,92.75,1641768536
nikolskoye,RU,24.69,99,94,1.81,59.7035,30.7861,1641768474
sept-iles,CA,24.06,88,100,11.01,50.2001,-66.3821,1641768724
port-gentil,GA,80.56,83,100,9.75,-0.7193,8.7815,1641768685
heihe,CN,-22.61,96,61,3.96,50.2441,127.4902,1641768668
la palma,US,78.17,27,20,0.0,33.8464,-118.0467,1641768725
torbay,CA,28.27,79,100,3.0,47.6666,-52.7314,1641768726
tuatapere,NZ,65.82,79,95,1.07,-46.1333,167.6833,1641768727
fort morgan,US,35.1,69,0,6.91,40.2503,-103.8,1641768728
linxia,CN,22.95,57,87,1.68,35.6003,103.2064,1641768523
tuktoyaktuk,CA,-23.8,69,20,9.22,69.4541,-133.0374,1641768501
turbat,PK,57.15,36,0,6.53,26.0023,63.044,1641768729
bridlington,GB,43.9,88,99,8.93,54.0831,-0.1919,1641768730
luwingu,ZM,62.42,98,94,1.52,-10.2621,29.9271,1641768731
mataura,NZ,65.48,57,68,1.41,-46.1927,168.8643,1641768470
baoding,CN,29.82,79,100,6.04,38.8511,115.4903,1641768457
oktyabrskoye,RU,30.34,100,4,2.24,43.0645,44.7417,1641768732
lompoc,US,70.79,67,0,8.05,34.6391,-120.4579,1641768733
san quintin,MX,64.62,54,68,8.57,30.4833,-115.95,1641768734
rock sound,BS,76.06,75,94,21.68,24.9,-76.2,1641768734
tilichiki,RU,-6.03,93,84,7.7,60.4667,166.1,1641768735
alofi,NU,84.09,74,91,8.05,-19.0595,-169.9187,1641768513
hirara,JP,66.47,77,75,14.97,24.8,125.2833,1641768736
road town,VG,78.89,69,40,12.66,18.4167,-64.6167,1641768736
lebu,CL,62.19,84,20,4.05,-37.6167,-73.65,1641768737
georgetown,MY,80.53,79,20,0.0,5.4112,100.3354,1641768738
molochnoye,RU,13.24,97,100,4.52,59.2917,39.6787,1641768738
ano mera,GR,54.66,71,76,12.3,37.45,25.4,1641768739
ahipara,NZ,74.3,61,100,4.72,-35.1667,173.1667,1641768740
tiarei,PF,82.42,80,99,24.61,-17.5333,-149.3333,1641768741
paracuru,BR,82.42,77,100,9.75,-3.41,-39.0306,1641768741
saskylakh,RU,6.6,92,100,10.27,71.9167,114.0833,1641768742
rio grande,BR,72.95,75,0,17.94,-32.035,-52.0986,1641768743
roros,NO,21.04,79,100,10.36,62.5747,11.3842,1641768744
narsaq,GL,12.97,91,100,2.98,60.9167,-46.05,1641768745
castro,BR,60.22,84,100,5.44,-24.7911,-50.0119,1641768453
pisco,PE,75.25,78,0,23.02,-13.7,-76.2167,1641768747
esquipulas,GT,82.87,61,40,9.22,14.5667,-89.35,1641768747
nome,US,3.27,55,0,35.68,64.5011,-165.4064,1641768748
soe,ID,69.42,87,83,2.33,-9.8607,124.284,1641768749
zhangjiakou,CN,14.81,49,1,4.18,40.81,114.8794,1641768749
yellowknife,CA,-24.59,89,40,4.61,62.456,-114.3525,1641768749
tuapse,RU,48.16,72,37,8.05,44.1125,39.0742,1641768750
maraa,BR,74.68,95,81,0.87,-1.8333,-65.3667,1641768751
carnarvon,AU,68.07,83,0,9.22,-24.8667,113.6333,1641768710
gornopravdinsk,RU,4.21,91,57,9.26,60.05,69.9,1641768752
lagoa,PT,60.03,73,100,13.78,39.05,-27.9833,1641768752
novi sad,RS,32.97,92,95,3.8,45.2517,19.8369,1641768753
abu dhabi,AE,66.96,74,0,2.3,24.4667,54.3667,1641768754
puerto colombia,CO,80.69,79,46,26.19,10.9878,-74.9547,1641768755
hambantota,LK,75.16,89,100,9.37,6.1241,81.1185,1641768757
arraial do cabo,BR,71.46,88,100,3.44,-22.9661,-42.0278,1641768481
iberia,US,77.99,69,75,12.66,29.9502,-91.7507,1641768757
bhilwara,IN,49.21,73,0,5.73,25.35,74.6333,1641768758
sunndalsora,NO,29.05,80,2,13.33,62.6754,8.5515,1641768758
puerto ayora,EC,78.76,82,83,8.25,-0.7393,-90.3518,1641768484
esperance,AU,62.44,67,100,15.43,-33.8667,121.9,1641768760
gaya,IN,62.87,74,96,3.33,24.7833,85.0,1641768760
teya,RU,23.05,96,100,5.75,60.3778,92.6267,1641768761
butaritari,KI,81.52,77,99,14.18,3.0707,172.7902,1641768509
avarua,CK,82.45,78,100,12.66,-21.2078,-159.775,1641768511
dakar,SN,76.08,50,100,9.22,14.6937,-17.4441,1641768658
margate,GB,40.95,93,11,7.56,51.3813,1.3862,1641768762
oum hadjer,TD,72.68,19,0,11.54,13.2954,19.6966,1641768763
megion,RU,-3.98,96,96,11.23,61.0296,76.1136,1641768764
puerto princesa,PH,77.02,86,39,3.13,9.7392,118.7353,1641768764
taltal,CL,67.32,76,87,4.25,-25.4,-70.4833,1641768765
porto seguro,BR,79.32,83,20,10.36,-16.4497,-39.0647,1641768765
khabarovsk,RU,-25.26,74,59,1.99,48.4808,135.0928,1641768766
warrington,GB,44.98,90,40,1.99,53.3925,-2.5802,1641768767
kidodi,TZ,73.63,85,87,4.0,-7.6036,37.0044,1641768767
half moon bay,US,66.47,65,0,1.99,37.4636,-122.4286,1641768768
coihaique,CL,65.01,48,40,12.66,-45.5752,-72.0662,1641768498
fairbanks,US,-14.8,73,0,6.91,64.8378,-147.7164,1641768271
bolgatanga,GH,75.36,16,25,7.29,10.7856,-0.8514,1641768667
twin falls,US,26.94,74,0,16.11,42.3505,-114.6445,1641768770
nata,PA,85.87,71,8,13.51,8.3333,-80.5167,1641768770
bambous virieux,MU,77.22,100,40,4.61,-20.3428,57.7575,1641768469
ballina,AU,78.98,72,75,8.05,-28.8667,153.5667,1641768525
aykhal,RU,0.41,95,100,21.56,66.0,111.5,1641768772
jalu,LY,51.53,52,0,12.66,29.0331,21.5482,1641768772
nuevitas,CU,77.0,75,99,11.48,21.5453,-77.2644,1641768773
smolenka,RU,-27.06,68,12,0.0,52.1352,113.4974,1641768774
albion,US,21.06,67,40,13.8,42.2431,-84.753,1641768775
sabha,LY,45.55,37,0,10.76,27.0377,14.4283,1641768776
rawson,AR,67.41,59,37,11.21,-43.3002,-65.1023,1641768540
kaeo,NZ,77.32,73,99,4.74,-35.1,173.7833,1641768777
necochea,AR,87.24,22,95,9.82,-38.5473,-58.7368,1641768778
maceio,BR,80.04,83,0,8.05,-9.6658,-35.7353,1641768481
shenjiamen,CN,45.27,74,46,8.19,29.9576,122.298,1641768779
alice springs,AU,89.15,13,0,5.75,-23.7,133.8833,1641768779
port lincoln,AU,79.99,48,65,10.71,-34.7333,135.8667,1641768780
havre-saint-pierre,CA,25.16,86,100,12.66,50.2334,-63.5986,1641768781
saint-prosper,CA,31.32,96,100,14.14,46.2117,-70.4811,1641768782
ibra,OM,58.98,65,0,1.32,22.6906,58.5334,1641768782
logrono,ES,54.01,87,75,19.57,42.4667,-2.45,1641768783
aracuai,BR,73.53,94,93,1.86,-16.8497,-42.0703,1641768785
proletarsk,RU,33.87,83,96,15.43,46.7031,41.7192,1641768785
inhambane,MZ,75.04,87,72,7.07,-23.865,35.3833,1641768786
aklavik,CA,-24.77,98,9,3.87,68.2191,-135.0107,1641768787
chokurdakh,RU,-26.88,97,12,8.21,70.6333,147.9167,1641768515
emba,KZ,0.97,85,2,8.16,48.8264,58.1442,1641768788
tolaga bay,NZ,74.61,57,83,7.94,-38.3667,178.3,1641768789
port keats,AU,85.28,71,46,6.71,-14.25,129.55,1641768520
petropavlovsk-kamchatskiy,RU,30.79,100,100,0.0,53.0452,158.6483,1641768790
geraldton,AU,66.13,59,0,19.57,-28.7667,114.6,1641768527
leningradskiy,RU,-16.8,92,38,5.1,69.3833,178.4167,1641768791
ribeira grande,PT,61.27,75,100,20.38,38.5167,-28.7,1641768472
arona,ES,63.81,28,20,13.8,28.0996,-16.681,1641768792
gogrial,SS,82.53,29,91,2.06,8.5332,28.1004,1641768792
talnakh,RU,-3.8,98,100,3.24,69.4865,88.3972,1641768486
szentlorinc,HU,29.05,86,100,2.66,46.0402,17.9872,1641768793
grand-santi,GF,72.14,95,97,2.44,4.25,-54.3833,1641768794
dikson,RU,-11.72,100,99,8.05,73.5069,80.5464,1641768491
maykor,RU,14.85,89,100,12.19,59.0059,55.88,1641768795
hofn,IS,42.71,85,100,30.44,64.2539,-15.2082,1641768583
namtsy,RU,-41.69,100,79,2.01,62.7161,129.6658,1641768796
mutare,ZW,65.7,87,97,1.1,-18.9707,32.6709,1641768797
saint george,US,59.47,29,0,1.01,37.1041,-113.5841,1641768798
maravilha,BR,77.41,39,72,1.9,-26.7608,-53.1725,1641768799
kalakamati,BW,68.2,73,100,8.46,-20.5929,27.3121,1641768800
aripuana,BR,72.66,99,54,2.71,-9.1667,-60.6333,1641768801
bichura,RU,-11.79,98,44,2.68,50.5881,107.6022,1641768802
codrington,AU,71.8,51,61,8.72,-38.2667,141.9667,1641768803
pali,IN,52.0,66,0,6.06,25.7667,73.3333,1641768673
havelock,US,66.43,82,0,5.99,34.8791,-76.9013,1641768803
riachao das neves,BR,70.74,94,100,2.21,-11.7461,-44.91,1641768804
vardo,NO,19.6,77,100,13.8,70.3705,31.1107,1641768805
norman wells,CA,-38.16,67,75,3.44,65.282,-126.8329,1641768541
kununurra,AU,82.38,94,83,3.44,-15.7667,128.7333,1641768806
zhicheng,CN,44.67,84,100,2.19,30.2956,111.5047,1641768535
tortosa,ES,67.24,67,79,20.22,40.8125,0.5216,1641768807
xai-xai,MZ,73.62,87,18,6.58,-25.0519,33.6442,1641768808
rio gallegos,AR,57.25,33,75,20.71,-51.6226,-69.2181,1641768695
huarmey,PE,73.44,76,14,10.65,-10.0681,-78.1522,1641768809
along,IN,52.65,78,94,1.59,28.1667,94.7667,1641768810
aviles,ES,60.73,94,75,14.0,43.5547,-5.9248,1641768810
cabo san lucas,MX,80.62,72,75,3.0,22.8909,-109.9124,1641768811
kumbo,CM,63.27,37,82,6.11,6.2,10.6667,1641768654
faya,SA,55.51,59,3,2.91,18.3851,42.4509,1641768812
evensk,RU,6.44,79,75,8.32,61.95,159.2333,1641768813
murbad,IN,63.61,59,0,1.19,19.25,73.4,1641768814
shinjo,JP,34.68,92,77,1.1,38.7586,140.3008,1641768814
shihezi,CN,10.99,88,13,3.44,44.3,86.0333,1641768814
mount gambier,AU,66.11,68,56,9.22,-37.8333,140.7667,1641768809
camana,PE,72.34,84,75,7.34,-16.6228,-72.7111,1641768815
jibuti,DJ,71.02,71,26,15.37,11.5,42.5,1641768816
churapcha,RU,-47.65,99,82,0.67,62.0025,132.4325,1641768817
smithers,CA,16.12,79,75,4.61,54.7804,-127.1743,1641768818
lumeje,AO,66.63,92,100,4.16,-11.55,20.7833,1641768819
suileng,CN,-1.55,98,100,3.36,47.25,127.0833,1641768820
keffi,NG,77.38,27,25,4.45,8.8486,7.8736,1641768820
merauke,ID,79.41,85,100,10.07,-8.4667,140.3333,1641768821
pevek,RU,-15.81,100,87,3.44,69.7008,170.3133,1641768418
ilulissat,GL,15.82,73,20,11.5,69.2167,-51.1,1641768483
mayo,US,43.3,93,100,1.99,38.8876,-76.5119,1641768822
yumen,CN,17.8,66,0,6.98,40.2833,97.2,1641768822
hasaki,JP,43.2,70,100,22.17,35.7333,140.8333,1641768645
coquimbo,CL,67.73,63,0,13.8,-29.9533,-71.3436,1641768823
pathein,MM,67.8,84,3,5.48,16.7833,94.7333,1641768824
yerbogachen,RU,-9.27,81,97,8.77,61.2767,108.0108,1641768824
avera,US,69.31,79,15,7.83,33.194,-82.5271,1641768825
mogadishu,SO,77.76,81,24,21.54,2.0371,45.3438,1641768825
liverpool,GB,44.82,88,40,1.01,53.4106,-2.9779,1641768731
longyearbyen,SJ,22.84,93,75,13.8,78.2186,15.6401,1641768826
belmonte,BR,79.3,83,97,9.35,-15.8631,-38.8828,1641768723
north bend,US,60.71,73,0,3.44,43.4065,-124.2243,1641768828
karratha,AU,86.07,43,0,1.03,-20.7377,116.8463,1641768312
manacor,ES,60.33,73,92,17.09,39.5696,3.2096,1641768829
klaksvik,FO,43.72,90,81,34.54,62.2266,-6.589,1641768829
sakakah,SA,63.97,36,98,13.76,29.9697,40.2064,1641768830
beringovskiy,RU,-12.42,85,2,11.3,63.05,179.3167,1641768831
nyurba,RU,-26.5,96,47,5.17,63.2842,118.3319,1641768832
escuinapa,MX,78.53,45,100,7.38,22.85,-105.8,1641768833
gizo,SB,82.54,78,35,10.89,-8.103,156.8419,1641768833
stornoway,GB,43.93,88,75,5.01,58.2093,-6.3865,1641768834
santiago de cuba,CU,78.06,65,75,4.07,20.0247,-75.8219,1641768835
houma,US,78.8,80,39,4.0,29.5958,-90.7195,1641768836
asfi,MA,56.32,54,38,17.29,32.2994,-9.2372,1641768837
shitanjing,CN,18.28,89,87,6.91,39.2342,106.3439,1641768838
hamilton,US,36.23,62,100,5.99,39.1834,-84.5333,1641768838
lucea,JM,82.26,74,99,10.42,18.451,-78.1736,1641768840
kahului,US,83.46,67,0,11.01,20.8947,-156.47,1641768841
lakatoro,VU,84.09,73,41,3.04,-16.0999,167.4164,1641768841
chumikan,RU,-14.84,87,92,12.77,54.7183,135.315,1641768842
abha,SA,55.22,71,0,0.0,18.2164,42.5053,1641768843
thayetmyo,MM,63.07,66,5,1.59,19.3167,95.1833,1641768844
mutis,CO,78.66,84,40,4.12,6.2262,-77.4044,1641768844
hailar,CN,-20.18,98,86,3.98,49.2,119.7,1641768845
iquique,CL,75.24,75,31,3.65,-20.2208,-70.1431,1641768845
iqaluit,CA,-27.31,74,0,11.01,63.7506,-68.5145,1641768846
charleston,US,69.22,83,0,4.0,32.7766,-79.9309,1641768846
ancud,CL,71.42,85,57,7.27,-41.8697,-73.8203,1641768847
lanigan,CA,-9.51,93,57,4.05,51.8501,-105.0344,1641768848
joshimath,IN,39.83,72,100,3.58,30.5667,79.5667,1641768849
okhotsk,RU,6.71,78,100,13.85,59.3833,143.3,1641768849
kenai,US,14.09,41,75,10.36,60.5544,-151.2583,1641768850
milkovo,RU,24.06,94,100,6.55,54.7167,158.6167,1641768851
nanning,CN,50.45,79,100,3.58,22.8167,108.3167,1641768786
damaturu,NG,66.06,22,16,9.19,11.747,11.9608,1641768679
thompson,CA,-20.04,69,0,18.41,55.7435,-97.8558,1641768852
francistown,BW,72.36,63,100,8.72,-21.17,27.5079,1641768853
ust-nera,RU,-24.41,99,74,2.84,64.5667,143.2,1641768853
srednekolymsk,RU,-15.3,98,100,5.57,67.45,153.6833,1641768854
xining,CN,18.36,66,82,2.13,36.6167,101.7667,1641768837
agustin codazzi,CO,89.58,38,69,4.54,10.0341,-73.2361,1641768855
mareeba,AU,75.43,93,96,4.52,-17.0,145.4333,1641768856
khandyga,RU,-40.9,98,89,0.49,62.6667,135.6,1641768506
gashua,NG,67.08,15,0,14.67,12.871,11.0482,1641768857
vardenis,AM,21.07,59,11,2.89,40.1827,45.7311,1641768858
nguru,NG,67.12,15,0,14.54,12.8791,10.4526,1641768859
encruzilhada do sul,BR,67.53,67,1,11.48,-30.5439,-52.5219,1641768860
tres arroyos,AR,90.86,15,91,7.7,-38.3739,-60.2798,1641768860
yulara,AU,87.64,14,15,12.66,-25.2406,130.9889,1641768861
guerrero negro,MX,67.82,48,100,6.06,27.9769,-114.0611,1641768862
granite city,US,31.3,56,43,1.01,38.7014,-90.1487,1641768863
baherden,TM,43.3,53,0,7.34,38.4362,57.4316,1641768863
sarangani,PH,81.55,79,92,15.28,5.4033,125.4636,1641768864
nouadhibou,MR,69.78,40,100,11.5,20.931,-17.0347,1641768864
manaquiri,BR,82.89,92,100,3.29,-3.3167,-60.35,1641768865
brae,GB,42.71,76,99,22.62,60.3964,-1.353,1641768866
catabola,AO,62.71,95,100,3.15,-12.15,17.2833,1641768867
atasu,KZ,-3.05,98,66,7.65,48.6814,71.6433,1641768868
vestmanna,FO,41.92,93,100,23.02,62.1564,-7.1664,1641768868
sinnamary,GF,76.12,82,98,7.36,5.3833,-52.95,1641768869
amahai,ID,80.58,77,100,3.09,-3.3333,128.9167,1641768869
haines junction,CA,-18.45,76,100,2.3,60.7522,-137.5108,1641768870
fortuna,US,63.91,54,0,5.75,40.5982,-124.1573,1641768870
russell,US,72.68,82,100,6.91,32.3502,-85.1999,1641768871
guaraniacu,BR,60.1,91,88,2.33,-25.1008,-52.8781,1641768872
banda aceh,ID,77.95,80,89,4.18,5.5577,95.3222,1641768873
skorodnoye,RU,30.09,93,100,11.43,51.071,37.2276,1641768873
ilo,PE,70.9,83,63,6.04,-17.6394,-71.3375,1641768874
altay,CN,13.82,77,42,6.04,47.8667,88.1167,1641768874
lakselv,NO,15.62,92,40,2.3,70.0513,24.9718,1641768875
umm lajj,SA,74.35,58,90,17.22,25.0213,37.2685,1641768875
mayya,RU,-41.69,100,81,1.74,61.7333,130.2811,1641768876
langsa,ID,71.82,97,86,2.17,4.4683,97.9683,1641768877
jiayuguan,CN,18.41,59,0,4.79,39.8167,98.3,1641768877
shimanovsk,RU,-17.1,94,71,5.39,52.0,127.7,1641768877
rio verde de mato grosso,BR,75.88,82,79,6.62,-18.9181,-54.8442,1641768878
tura,IN,58.42,67,21,2.26,25.5198,90.2201,1641768693
manaus,BR,82.9,78,40,3.44,-3.1019,-60.025,1641768778
constitucion,CL,64.53,76,18,8.48,-35.3333,-72.4167,1641768524
marsh harbour,BS,74.71,66,81,15.82,26.5412,-77.0636,1641768880
beyneu,KZ,30.54,77,16,20.69,45.3167,55.2,1641768880
menomonie,US,6.84,47,14,10.36,44.8755,-91.9193,1641768881
preobrazheniye,RU,15.55,39,0,5.75,42.9019,133.9064,1641768882
rocha,UY,70.88,73,0,14.36,-34.4833,-54.3333,1641768882
mezen,RU,3.74,96,84,10.33,65.8522,44.24,1641768883
bad segeberg,DE,39.78,98,100,4.61,53.9333,10.3167,1641768884
cayenne,GF,80.1,78,0,1.99,4.9333,-52.3333,1641768884
zhangye,CN,20.41,66,1,5.59,38.9342,100.4517,1641768885
matara,LK,74.12,91,100,8.9,5.9485,80.5353,1641768886
tual,ID,82.62,77,100,9.19,-5.6667,132.75,1641768886
batemans bay,AU,84.2,66,23,5.14,-35.7167,150.1833,1641768886
praia da vitoria,PT,58.75,94,75,18.59,38.7333,-27.0667,1641768887
kushiro,JP,11.35,79,20,5.75,42.975,144.3747,1641768888
isangel,VU,86.11,74,20,11.5,-19.55,169.2667,1641768888
andenes,NO,19.38,86,40,11.5,69.3143,16.1194,1641768889
grindavik,IS,41.47,87,100,43.73,63.8424,-22.4338,1641768889
salalah,OM,69.89,32,0,8.05,17.0151,54.0924,1641768492
khani,GE,44.17,62,82,9.37,41.9563,42.9566,1641768890
pasni,PK,63.52,36,0,12.97,25.2631,63.471,1641768891
lokosovo,RU,-0.17,94,95,11.23,61.1333,74.8167,1641768892
springhill,US,62.2,78,100,13.42,33.006,-93.4668,1641768893
carnduff,CA,-5.62,88,79,6.62,49.1667,-101.8009,1641768894
buala,SB,83.75,75,87,6.87,-8.145,159.5921,1641768895
fez,MA,44.85,42,0,10.36,34.0372,-4.9998,1641768743
bolobo,CD,74.26,84,71,4.25,-2.1667,16.2333,1641768896
anloga,GH,82.62,78,54,8.81,5.7947,0.8973,1641768320
axim,GH,80.73,82,69,7.36,4.8699,-2.2405,1641768834
kirakira,SB,84.61,72,100,9.62,-10.4544,161.9205,1641768897
yura,PE,55.92,77,100,11.5,-16.2522,-71.6797,1641768898
bara,NG,72.32,21,17,11.65,10.3744,10.7288,1641768899
tabou,CI,80.1,83,75,8.52,4.423,-7.3528,1641768900
tsabong,BW,81.16,39,95,13.69,-26.0217,22.401,1641768901
aksarka,RU,-0.13,87,91,12.1,66.5606,67.7975,1641768902
los llanos de aridane,ES,64.15,51,0,15.99,28.6585,-17.9182,1641768902
bibbiena,IT,37.83,96,100,6.49,43.6965,11.8135,1641768903
okha,RU,0.9,95,100,27.96,53.5739,142.9478,1641768904
cobija,BO,77.18,82,100,2.35,-11.0267,-68.7692,1641768905
naspur,IN,69.15,87,79,4.14,18.8333,79.45,1641768906
saint-francois,FR,39.67,96,100,3.44,46.4154,3.9054,1641768906
dunda,TZ,64.17,97,100,1.57,-8.1167,34.25,1641768907
kaminoyama,JP,33.91,96,94,2.1,38.1539,140.2736,1641768907
chau doc,VN,70.86,90,21,3.13,10.7,105.1167,1641768708
kamenka,RU,23.76,83,100,15.26,51.3223,42.7678,1641768908
vaitape,PF,81.39,71,59,2.86,-16.5167,-151.75,1641768482
puerto escondido,MX,82.67,62,44,3.71,15.85,-97.0667,1641768909
novyy urgal,RU,-30.46,100,81,0.78,51.0736,132.5642,1641768910
florence,IT,42.53,81,40,3.44,43.7667,11.25,1641768910
vostok,RU,-19.39,98,35,4.27,46.4856,135.8833,1641768911
daru,PG,79.23,82,100,8.79,-9.0763,143.2092,1641768911
filadelfia,US,42.69,91,100,5.01,39.9523,-75.1638,1641768911
saldanha,ZA,64.45,91,68,5.03,-33.0117,17.9442,1641768502
waingapu,ID,80.22,79,91,4.09,-9.6567,120.2641,1641768912
chinchani,IN,61.5,50,0,12.44,19.8667,72.7,1641768913
palm coast,US,74.07,68,21,1.99,29.585,-81.2078,1641768913
mutata,CO,75.85,94,93,1.19,7.2441,-76.4356,1641768914
flinders,AU,79.18,87,80,3.0,-34.5833,150.8552,1641768915
sao joao da barra,BR,70.45,96,100,9.62,-21.6403,-41.0511,1641768505
rabat,MA,51.04,92,0,3.44,33.9911,-6.8401,1641768916
rapid valley,US,41.38,33,0,1.01,44.0625,-103.1463,1641768916
toba tek singh,PK,49.44,86,46,6.76,30.9743,72.4827,1641768917
sarkand,KZ,21.72,75,96,4.41,45.41,79.9186,1641768917
balykshi,KZ,23.0,93,75,15.66,47.0667,51.8667,1641768918
jucurutu,BR,85.26,58,66,10.49,-6.0339,-37.0203,1641768919
kalmar,SE,35.96,91,75,4.61,56.6616,16.3616,1641768749
sokoni,TZ,81.72,77,67,13.76,-6.4333,39.55,1641768920
caramay,PH,75.92,90,17,3.87,10.1815,119.236,1641768920
el balsamo,HN,71.82,66,14,4.18,15.0667,-87.4667,1641768921
barcelona,ES,54.75,76,20,1.01,41.3888,2.159,1641768922
tulun,RU,0.1,94,100,2.95,54.5611,100.5792,1641768923
kiruna,SE,2.32,85,100,2.3,67.8557,20.2251,1641768924
birao,CF,77.05,26,25,5.86,10.2849,22.7882,1641768924
luganville,VU,86.63,66,58,4.94,-15.5333,167.1667,1641768925
ambilobe,MG,74.53,94,100,1.14,-13.2,49.05,1641768926
tonj,SS,82.69,28,98,0.16,7.2737,28.6822,1641768927
mackenzie,CA,27.66,92,100,5.68,55.2999,-123.1698,1641768927
conceicao do araguaia,BR,72.64,94,87,2.82,-8.2578,-49.2647,1641768929
alta,NO,15.06,81,75,5.75,69.9689,23.2717,1641768930
funehiki,JP,37.0,86,100,1.32,37.4333,140.5833,1641768930
svarstad,NO,32.83,55,100,7.05,59.399,9.9698,1641768931
kirensk,RU,-25.46,99,17,2.04,57.7853,108.1119,1641768933
capreol,CA,12.67,52,40,14.97,46.706,-80.9225,1641768934
tucuma,BR,74.23,94,100,2.48,-0.1833,-50.05,1641768935
marana,US,73.94,29,0,5.75,32.4367,-111.2254,1641768935
blackwater,AU,82.67,58,15,13.11,-23.5833,148.8833,1641768936
vanimo,PG,79.16,85,93,6.46,-2.6741,141.3028,1641768937
bathsheba,BB,77.61,69,75,19.57,13.2167,-59.5167,1641768937
omboue,GA,77.47,90,100,6.17,-1.5746,9.2618,1641768938
tahe,CN,-20.15,96,42,3.56,52.3333,124.7333,1641768939
nara,JP,41.97,76,38,1.01,34.6851,135.8049,1641768939
marsabit,KE,69.08,55,12,9.37,2.3284,37.9899,1641768940
mizan teferi,ET,64.24,70,2,3.53,6.9833,35.5833,1641768940
zhovti vody,UA,33.46,94,99,5.37,48.3473,33.5003,1641768941
mayumba,GA,76.93,94,98,4.9,-3.432,10.6554,1641768942
bayangol,RU,-14.28,98,28,3.47,50.6977,103.4656,1641768943
mahon,ES,52.36,82,0,3.44,39.8885,4.2658,1641768943
nishihara,JP,63.68,86,75,5.75,26.1842,127.7558,1641768944
payo,ID,71.69,99,92,1.32,-3.7508,103.6372,1641768944
larsnes,NO,36.68,66,3,7.18,62.2028,5.5773,1641768667
hami,CN,22.98,49,0,2.01,42.8,93.45,1641768944
hay river,CA,-16.62,69,75,3.44,60.8156,-115.7999,1641768945
chicama,PE,70.34,67,46,7.27,-7.8447,-79.1469,1641768945
hokitika,NZ,66.65,70,93,6.08,-42.7167,170.9667,1641768946
husavik,IS,40.91,85,100,28.86,66.0449,-17.3389,1641768947
lethem,GY,84.27,44,98,10.27,3.3803,-59.7968,1641768948
mirante do paranapanema,BR,75.13,60,34,13.87,-22.2919,-51.9064,1641768949
khash,IR,40.39,45,2,1.5,28.2211,61.2158,1641768949
mehamn,NO,28.96,78,100,17.85,71.0357,27.8492,1641768950
komsomolskiy,UZ,39.92,60,75,2.3,40.4272,71.7189,1641768951
walvis bay,NA,64.09,82,18,3.44,-22.9575,14.5053,1641768951
kharp,RU,-3.93,92,91,8.28,66.8014,65.8081,1641768952
hatton,LK,60.78,91,100,1.81,6.8916,80.5955,1641768953
kalinovskaya,RU,38.48,87,10,2.86,43.5758,45.5192,1641768953
otradnoye,RU,24.85,100,94,1.97,59.7775,30.8181,1641768954
dali,CN,39.15,77,0,4.5,25.7,100.1833,1641768955
lermontovka,RU,-16.33,100,90,3.04,47.1453,134.3383,1641768955
lake havasu city,US,69.22,20,0,11.99,34.4839,-114.3224,1641768955
carutapera,BR,75.76,91,93,1.07,-1.195,-46.02,1641768956
sumbe,AO,75.51,86,100,7.07,-11.2061,13.8437,1641768857
te anau,NZ,68.18,66,83,3.33,-45.4167,167.7167,1641768957
nizhniy kuranakh,RU,-31.59,99,99,2.89,58.8353,125.4869,1641768958
capinota,BO,71.01,57,100,7.2,-17.7167,-66.2333,1641768958
atar,MR,67.33,12,100,7.23,20.5169,-13.0499,1641768537
wattegama,LK,71.73,96,100,3.69,6.7989,81.4808,1641768959
bonavista,CA,27.12,76,46,18.43,48.6499,-53.1147,1641768959
krasnoselkup,RU,-5.69,98,100,9.26,65.7,82.4667,1641768960
hjallerup,DK,37.18,96,100,14.97,57.1647,10.1457,1641768961
the valley,AI,78.66,83,40,10.36,18.217,-63.0578,1641768962
brebeni,RO,38.86,89,100,5.86,44.3667,24.45,1641768962
udachnyy,RU,2.44,77,100,19.44,66.4167,112.4,1641768671
garachine,PA,80.38,80,99,4.18,8.0647,-78.3628,1641768963
poum,NC,82.67,72,3,9.17,-20.2333,164.0167,1641768964
warkworth,NZ,78.03,53,98,4.52,-36.4,174.6667,1641768965
ribeira brava,PT,65.12,28,98,9.86,32.65,-17.0667,1641768966
santa maria,BR,81.7,44,0,10.36,-29.6842,-53.8069,1641768967
jinchang,CN,20.46,74,3,1.68,38.4953,102.1739,1641768967
tumbi,TZ,67.42,89,95,4.92,-5.0667,32.7333,1641768968
hidalgotitlan,MX,77.99,82,59,9.95,17.7833,-94.6333,1641768968
chiungutwa,TZ,72.27,92,100,1.7,-10.8833,38.9833,1641768969
morant bay,JM,82.02,77,87,11.54,17.8815,-76.4093,1641768970
statesboro,US,71.47,64,100,3.44,32.4488,-81.7832,1641768971
maunabo,PR,78.71,78,36,14.34,18.0072,-65.8993,1641768972
santa cruz de la palma,ES,68.14,49,0,4.61,28.6835,-17.7642,1641768972
auki,SB,82.11,81,100,7.67,-8.7676,160.7034,1641768479
soyo,AO,77.4,88,100,6.53,-6.1349,12.3689,1641768973
northam,GB,46.02,94,100,4.43,51.0333,-4.2167,1641768975
nsanje,MW,71.42,93,100,0.76,-16.92,35.262,1641768976
noumea,NC,82.38,99,52,16.67,-22.2763,166.4572,1641768976
cidreira,BR,72.64,72,32,18.54,-30.1811,-50.2056,1641768977
sitka,US,44.49,76,100,20.71,57.0531,-135.33,1641768521
teluknaga,ID,77.18,94,20,5.01,-6.0989,106.6381,1641768978
beausejour,CA,-9.63,93,6,8.25,50.0622,-96.5167,1641768978
naze,JP,58.12,75,98,11.27,28.3667,129.4833,1641768696
sao gabriel da cachoeira,BR,74.53,93,78,1.1,-0.1303,-67.0892,1641768979
vidim,RU,-7.24,80,77,5.08,56.4088,103.1106,1641768980
lampang,TH,68.86,64,3,1.05,18.3333,99.5,1641768981
la ronge,CA,-12.78,64,40,5.75,55.1001,-105.2842,1641768981
voznesenye,RU,2.88,100,99,4.12,61.0106,35.4781,1641768982
presidencia roque saenz pena,AR,90.79,28,41,5.53,-26.7852,-60.4388,1641768983
salinas,US,69.57,49,31,1.19,36.6777,-121.6555,1641768984
ardabil,IR,33.94,59,1,7.25,38.2498,48.2933,1641768984
san patricio,US,78.89,51,94,16.82,28.017,-97.5169,1641768497
pionki,PL,28.81,56,22,3.42,51.476,21.4499,1641768985
santa rosa,PH,76.98,87,10,2.66,14.3122,121.1114,1641768748
cap malheureux,MU,77.47,87,100,3.0,-19.9842,57.6142,1641768987
adrar,MR,60.85,11,100,9.66,20.5022,-10.0711,1641768988
beni,CD,67.66,74,100,2.06,0.5,29.4667,1641768989
college,US,-14.82,76,0,6.91,64.8569,-147.8028,1641768990
mirnyy,RU,-18.67,91,89,5.84,62.5353,113.9611,1641768990
namibe,AO,65.79,80,15,6.22,-15.1961,12.1522,1641768857
zhuhai,CN,63.99,77,40,10.36,22.2769,113.5678,1641768711
murray,US,42.06,50,0,4.0,40.6669,-111.888,1641768992
kommunisticheskiy,RU,5.04,92,74,8.32,61.6789,64.4819,1641768992
tabory,RU,4.95,90,100,9.26,58.5198,64.5495,1641768993
phaltan,IN,63.5,68,4,5.53,17.9833,74.4333,1641768994
victoriaville,CA,35.64,97,100,18.05,46.0501,-71.9658,1641768994
mamakan,RU,-37.98,100,70,1.72,57.8161,114.0028,1641768995
nikolayevka,RU,13.84,89,100,10.29,53.1257,47.2041,1641768996
sikonge,TZ,66.97,89,98,5.37,-5.6333,32.7667,1641768997
yashkul,RU,30.43,74,36,12.8,46.1711,45.3435,1641768997
zaraza,VE,76.23,67,93,10.98,9.3503,-65.3245,1641768998
ribeirao branco,BR,58.96,91,93,6.58,-24.2208,-48.7656,1641768999
bengkulu,ID,75.11,91,92,4.03,-3.8004,102.2655,1641769000
namatanai,PG,82.9,71,88,4.72,-3.6667,152.4333,1641769000
trairi,BR,79.48,75,100,8.95,-3.2778,-39.2689,1641769001
panama city,PA,85.95,58,20,12.66,8.9936,-79.5197,1641768802
eyl,SO,74.23,72,18,16.96,7.9803,49.8164,1641769002
lancaster,US,37.89,86,100,0.0,40.2504,-76.2499,1641769003
bari,IT,48.85,91,40,4.0,41.1177,16.8512,1641768825
moquegua,PE,66.16,78,89,7.96,-17.1956,-70.9353,1641769004
saint-augustin,CA,25.9,96,94,18.77,51.226,-58.6502,1641769006
tiksi,RU,-1.7,66,100,22.06,71.6872,128.8694,1641768521
taganak,PH,75.34,76,98,2.53,6.0833,118.3,1641769007
ayan,RU,-7.73,72,100,15.03,56.45,138.1667,1641769007
neiafu,TO,83.08,78,75,6.91,-18.65,-173.9833,1641769008
aswan,EG,60.1,38,0,14.97,24.0934,32.907,1641769009
touros,BR,81.5,73,100,15.12,-5.1989,-35.4608,1641769009
carbonia,IT,52.45,87,94,26.42,39.1672,8.5222,1641769010
gillette,US,28.2,66,5,9.24,44.2911,-105.5022,1641769011
hargeysa,SO,57.25,96,50,11.36,9.56,44.065,1641769012
dawlatabad,AF,39.56,79,19,2.44,36.4141,64.9053,1641769012
wawa,NG,81.7,26,21,10.02,9.9022,4.4192,1641769013
somerset east,ZA,72.55,67,90,5.5,-32.7217,25.588,1641769013
natal,BR,82.62,78,0,10.36,-5.795,-35.2094,1641768863
abadiania,BR,68.92,97,99,6.35,-16.2042,-48.7069,1641769014
pascagoula,US,75.2,91,100,5.75,30.3658,-88.5561,1641769015
ahuimanu,US,78.78,64,75,9.22,21.4447,-157.8378,1641769016
shelbyville,US,47.32,45,100,7.0,35.4834,-86.4603,1641769017
julio de castilhos,BR,77.38,41,0,8.72,-29.2269,-53.6817,1641769018
sylvan lake,CA,5.65,71,100,12.66,52.3168,-114.0853,1641769018
klyuchi,RU,8.02,96,92,8.16,52.2667,79.1667,1641768500
kanniyakumari,IN,76.33,79,98,13.71,8.0833,77.5667,1641769019
ambulu,ID,76.21,86,97,2.8,-8.345,113.6058,1641769020
ketchikan,US,44.58,95,100,23.17,55.3422,-131.6461,1641768859
miri,MY,77.14,94,20,4.61,4.4148,114.0089,1641768742
koslan,RU,11.25,95,100,5.75,63.4564,48.8989,1641769020
yurty,RU,24.94,89,100,9.37,56.0498,97.6348,1641769021
sechura,PE,77.99,61,82,17.87,-5.5569,-80.8222,1641769023
najran,SA,54.25,33,0,1.14,17.4924,44.1277,1641769023
podolinec,SK,29.43,84,93,2.59,49.2587,20.536,1641769024
macia,MZ,69.82,94,1,3.96,-25.0269,33.0989,1641769025
argudan,RU,34.68,87,41,0.38,43.4214,43.9158,1641769026
basco,PH,74.55,70,68,16.02,20.4487,121.9702,1641769027
paamiut,GL,12.56,78,100,25.77,61.994,-49.6678,1641769027
tsiroanomandidy,MG,68.63,89,100,2.46,-18.7667,46.0333,1641769028
port augusta,AU,91.71,21,42,12.62,-32.5,137.7667,1641768815
ixtapa,MX,82.22,44,83,4.92,20.7,-105.2,1641769002
trinidad,BO,87.78,70,75,6.91,-14.8333,-64.9,1641769030
yurimaguas,PE,86.36,52,100,3.85,-5.9,-76.0833,1641769030
bonthe,SL,80.19,80,26,10.07,7.5264,-12.505,1641769031
chimoio,MZ,71.46,88,75,3.44,-19.1164,33.4833,1641769032
khorramshahr,IR,51.76,93,57,4.61,30.4397,48.1664,1641769033
saint anthony,US,5.94,58,40,4.0,45.0205,-93.218,1641769034
alyangula,AU,84.07,70,54,4.61,-13.8483,136.4192,1641769034
cayambe,EC,56.46,94,100,3.78,0.05,-78.1333,1641769035
